$ D_{col} $ [km],riesgo [$ \% $],Colisiones [ # ]
0.49999999999999994,3.7e-5,18
5.0,0.004808,2356
30.0,0.172671,84609
150.0,4.357496,2135173
